title,topic,difficulty,url
Two Sum,arrays & hashing,easy,https://leetcode.com/problems/two-sum/
Contains Duplicate,arrays & hashing,easy,https://leetcode.com/problems/contains-duplicate/
Valid Anagram,arrays & hashing,easy,https://leetcode.com/problems/valid-anagram/
Group Anagrams,arrays & hashing,medium,https://leetcode.com/problems/group-anagrams/
Top K Frequent Elements,arrays & hashing,medium,https://leetcode.com/problems/top-k-frequent-elements/
Product of Array Except Self,arrays & hashing,medium,https://leetcode.com/problems/product-of-array-except-self/
Longest Consecutive Sequence,arrays & hashing,medium,https://leetcode.com/problems/longest-consecutive-sequence/
Valid Palindrome,two pointers,easy,https://leetcode.com/problems/valid-palindrome/
3Sum,two pointers,medium,https://leetcode.com/problems/3sum/
Container With Most Water,two pointers,medium,https://leetcode.com/problems/container-with-most-water/
Best Time to Buy and Sell Stock,sliding window,easy,https://leetcode.com/problems/best-time-to-buy-and-sell-stock/
Longest Substring Without Repeating Characters,sliding window,medium,https://leetcode.com/problems/longest-substring-without-repeating-characters/
Longest Repeating Character Replacement,sliding window,medium,https://leetcode.com/problems/longest-repeating-character-replacement/
Minimum Window Substring,sliding window,hard,https://leetcode.com/problems/minimum-window-substring/
Valid Parentheses,stack,easy,https://leetcode.com/problems/valid-parentheses/
Min Stack,stack,medium,https://leetcode.com/problems/min-stack/
Daily Temperatures,stack,medium,https://leetcode.com/problems/daily-temperatures/
Binary Search,binary search,easy,https://leetcode.com/problems/binary-search/
Search in Rotated Sorted Array,binary search,medium,https://leetcode.com/problems/search-in-rotated-sorted-array/
Find Minimum in Rotated Sorted Array,binary search,medium,https://leetcode.com/problems/find-minimum-in-rotated-sorted-array/
Koko Eating Bananas,binary search,medium,https://leetcode.com/problems/koko-eating-bananas/
Reverse Linked List,linked list,easy,https://leetcode.com/problems/reverse-linked-list/
Merge Two Sorted Lists,linked list,easy,https://leetcode.com/problems/merge-two-sorted-lists/
Linked List Cycle,linked list,easy,https://leetcode.com/problems/linked-list-cycle/
Reorder List,linked list,medium,https://leetcode.com/problems/reorder-list/
LRU Cache,linked list,medium,https://leetcode.com/problems/lru-cache/
Invert Binary Tree,trees,easy,https://leetcode.com/problems/invert-binary-tree/
Maximum Depth of Binary Tree,trees,easy,https://leetcode.com/problems/maximum-depth-of-binary-tree/
Same Tree,trees,easy,https://leetcode.com/problems/same-tree/
Binary Tree Level Order Traversal,trees,medium,https://leetcode.com/problems/binary-tree-level-order-traversal/
Validate Binary Search Tree,trees,medium,https://leetcode.com/problems/validate-binary-search-tree/
Lowest Common Ancestor of a Binary Search Tree,trees,medium,https://leetcode.com/problems/lowest-common-ancestor-of-a-binary-search-tree/
Kth Smallest Element in a BST,trees,medium,https://leetcode.com/problems/kth-smallest-element-in-a-bst/
Implement Trie (Prefix Tree),tries,medium,https://leetcode.com/problems/implement-trie-prefix-tree/
Kth Largest Element in an Array,heap,medium,https://leetcode.com/problems/kth-largest-element-in-an-array/
Find Median from Data Stream,heap,hard,https://leetcode.com/problems/find-median-from-data-stream/
Subsets,backtracking,medium,https://leetcode.com/problems/subsets/
Combination Sum,backtracking,medium,https://leetcode.com/problems/combination-sum/
Number of Islands,graphs,medium,https://leetcode.com/problems/number-of-islands/
Clone Graph,graphs,medium,https://leetcode.com/problems/clone-graph/
Course Schedule,graphs,medium,https://leetcode.com/problems/course-schedule/
Rotting Oranges,graphs,medium,https://leetcode.com/problems/rotting-oranges/
Climbing Stairs,dynamic programming,easy,https://leetcode.com/problems/climbing-stairs/
House Robber,dynamic programming,medium,https://leetcode.com/problems/house-robber/
Coin Change,dynamic programming,medium,https://leetcode.com/problems/coin-change/
Longest Increasing Subsequence,dynamic programming,medium,https://leetcode.com/problems/longest-increasing-subsequence/
Word Break,dynamic programming,medium,https://leetcode.com/problems/word-break/
Longest Common Subsequence,dynamic programming,medium,https://leetcode.com/problems/longest-common-subsequence/
Merge Intervals,intervals,medium,https://leetcode.com/problems/merge-intervals/
Non-overlapping Intervals,intervals,medium,https://leetcode.com/problems/non-overlapping-intervals/
Maximum Subarray,greedy,medium,https://leetcode.com/problems/maximum-subarray/
Jump Game,greedy,medium,https://leetcode.com/problems/jump-game/
